{"menu":[
  {
    "id": "chicken-pomegranate-salad",
    "name": "Chicken Pomegranate Salad",
    "image": "chicken-pomegranate-salad.jpg",
    "calories": 430,
    "rating": 4.1,
    "description": "A simple, sweet and delicious salad of chicken, pomegranates, spinach, and spiced candied walnuts. Served with a side of citrus vinaigrette.",
    "source": "https://www.pexels.com/photo/salad-pomegranate-chicken-spinach-5916/",
    "photographer": "Karolina Grabowska.STAFFAGE"
  },
  {
      "id": "strawberry-pudding",
      "name": "Strawberry Pudding",
      "image": "strawberry-pudding.jpg",
      "calories": 280,
      "rating": 5,
      "description": "A sweet and tasty pudding filled with strawyberries, blueberries, and raspberries.",
      "source": "https://www.pexels.com/photo/restaurant-dessert-pudding-strawberries-3674/",
      "photographer": ""
  },
  {
      "id": "ham-goat-cheese-croissant",
      "name": "Ham and Goat Cheese Croissant",
      "image": "ham-goat-cheese-croissant.jpg",
      "calories": 670,
      "rating": 3.9,
      "description": "A savory slice of ham topped with a wedge of goat cheese, all on a buttery, flaky croissant.",
      "source": "https://www.pexels.com/photo/croissant-bakery-plate-food-7390/",
      "photographer": ""
  }
]}
